"Artikelnummer","Benämning","Antal","Försäljning","Moms","Försäljning (inkl. moms)","Inköpssumma","Vinst","Vinst (%)"
"018-Black-3XL","XL 018 Men’s Puffer Jacket - Black / CN M = EU XS *KAMPANJ*",2.000,798.40,199.60,998.00,499.00,299.40,0.37500000000000000000
"018-Black-4XL","XL 018 Men’s Puffer Jacket - Black / CN L = EU S *KAMPANJ*",4.000,1596.80,399.20,1996.00,998.00,598.80,0.37500000000000000000
"018-Black-5XL","XL 018 Men’s Puffer Jacket - Black / CN XL = EU M *KAMPANJ*",3.000,1197.60,299.40,1497.00,748.50,449.10,0.37500000000000000000
"018-Black-6XL","XL 018 Men’s Puffer Jacket - Black / CN 2XL = EU L *KAMPANJ*",1.000,399.20,99.80,499.00,249.50,149.70,0.37500000000000000000
"018-DarkBlue-3XL","XL 018 Men’s Puffer Jacket - Dark Blue / CN M = EU XS *KAMPANJ*",1.000,0.00,0.00,0.00,249.50,-249.50,
"018-DarkBlue-5XL","XL 018 Men’s Puffer Jacket - Dark Blue / CN XL = EU M *KAMPANJ*",1.000,399.20,99.80,499.00,249.50,149.70,0.37500000000000000000
"018-Grey-6XL","XL 018 Men’s Puffer Jacket - ORANGE / CN 2XL = EU L *KAMPANJ*",1.000,399.20,99.80,499.00,249.50,149.70,0.37500000000000000000
"0c968eb8","0c968eb8",0.000,0.00,0.00,0.00,0.00,0.00,
"111-Black-110","INCI 111 Children’s Puffer Jackets - Black / M *KAMPANJ*",1.000,0.00,0.00,0.00,224.50,-224.50,
"111-Black-140","INCI 111 Children’s Puffer Jackets - Black / 2XL *KAMPANJ*",1.000,0.00,0.00,0.00,224.50,-224.50,
"1668-D-US","High-Performance 1668 Compression Leggings for ... - Default / Universal Size *KAMPANJ*",7.000,557.76,139.44,697.20,346.50,211.26,0.37876506024096385542
"1dbb4a7b","1dbb4a7b",1.000,79.20,19.80,99.00,0.00,79.20,1.00000000000000000000
"20241027-1001-01-01","Model 1001 Women Long Jackets - Black / S *KAMPANJ*",1.000,719.20,179.80,899.00,899.25,-180.05,-0.25034760845383759733
"20241027-1001-01-02","Model 1001 Women Long Jackets - Black / M *KAMPANJ*",1.000,639.20,159.80,799.00,899.25,-260.05,-0.40683667083854818523
"20241027-1001-02-01","Model 1001 Women Long Jackets - Grey / S *KAMPANJ*",1.000,639.20,159.80,799.00,899.25,-260.05,-0.40683667083854818523
"20241027-1001-03-05","Model 1001 Women Long Jackets - Brown / 2XL *KAMPANJ*",1.000,639.20,159.80,799.00,899.25,-260.05,-0.40683667083854818523
"20241027-1002-01-05","20241027-1002-01-05",1.000,639.20,159.80,799.00,0.00,639.20,1.00000000000000000000
"20241027-1002-02-04","Model 1002 Women’s Coat - Grey / XL *KAMPANJ*",1.000,478.03,119.51,597.54,449.25,28.78,0.06020542643767127586
"20241027-1002-03-01","20241027-1002-03-01",1.000,0.00,0.00,0.00,0.00,0.00,
"20241027-1002-03-05","20241027-1002-03-05",1.000,0.00,0.00,0.00,0.00,0.00,
"20241027-1002-03-06","20241027-1002-03-06",0.000,0.00,0.00,0.00,0.00,0.00,
"20241027-1002-04-03","Model 1002 Women’s Coat - Amber / L *KAMPANJ*",1.000,436.46,109.12,545.58,449.25,-12.79,-0.02930394537872886404
"20241027-1002-05-02","Model 1002 Women’s Coat - Beige / M *KAMPANJ*",2.000,893.23,223.31,1116.54,898.50,-5.27,-0.00589993618664845560
"20241027-1002-05-06","20241027-1002-05-06",1.000,0.00,0.00,0.00,0.00,0.00,
"20241027-1002-07-05","20241027-1002-07-05",1.000,415.20,103.80,519.00,0.00,415.20,1.00000000000000000000
"20241027-1002-07-06","20241027-1002-07-06",1.000,639.20,159.80,799.00,0.00,639.20,1.00000000000000000000
"20241027-1007-01-02","Model 1007 Women’s Coat - Black / M *KAMPANJ*",2.000,878.03,219.51,1097.54,898.50,-20.47,-0.02331355420657608510
"20241027-1007-01-03","20241027-1007-01-03",1.000,415.20,103.80,519.00,0.00,415.20,1.00000000000000000000
"20241027-1007-02-02","20241027-1007-02-02",1.000,639.20,159.80,799.00,0.00,639.20,1.00000000000000000000
"20241027-1007-05-01","20241027-1007-05-01",1.000,639.20,159.80,799.00,0.00,639.20,1.00000000000000000000
"20241027-1007-05-05","Model 1007 Women’s Coat - Beige / 2XL *KAMPANJ*",0.000,0.00,0.00,0.00,0.00,0.00,
"20241027-1009-05-05","Model 1009 Women Long Coat - Beige / 2XL *KAMPANJ*",1.000,544.00,136.00,680.00,899.25,-355.25,-0.65303308823529411765
"20241027-1010-03-03","Model 1010 Women Long Coat - Brown / L *KAMPANJ*",1.000,964.26,241.07,1205.33,899.25,65.01,0.06741957563312799452
"20241027-1015-12-03","Model 1015 Women Long Coat - Red / L *KAMPANJ*",1.000,964.26,241.07,1205.33,899.25,65.01,0.06741957563312799452
"20241027-1016-02-01","Model 1016 Women Long Coat - Grey / 2XL *KAMPANJ*",1.000,633.25,158.31,791.56,599.25,34.00,0.05369127516778523490
"20241027-1018-01-03","Model 1018 Women Long Jackets - Black / L *KAMPANJ*",1.000,964.26,241.07,1205.33,899.25,65.01,0.06741957563312799452
"20241027-1018-02-02","Model 1018 Women Long Jackets - Grey / M *KAMPANJ*",1.000,964.26,241.07,1205.33,899.25,65.01,0.06741957563312799452
"20241027-1019-01-04","Model 1019 Women’s Coat - Black / XL *KAMPANJ*",1.000,964.26,241.07,1205.33,899.25,65.01,0.06741957563312799452
"20241027-1019-12-01","Model 1019 Women’s Coat - Red / S *KAMPANJ*",1.000,864.00,216.00,1080.00,899.25,-35.25,-0.04079861111111111111
"20241027-1020-01-03","20241027-1020-01-03",1.000,0.00,0.00,0.00,0.00,0.00,
"20241027-1020-01-06","Model 1020 Women’s Coat - Black / 3XL *KAMPANJ*",1.000,399.20,99.80,499.00,299.25,99.95,0.25037575150300601202
"20241027-1021-01-02","20241027-1021-01-02",1.000,292.80,73.20,366.00,0.00,292.80,1.00000000000000000000
"20241027-1021-01-04","Model 1021 Women’s Coat - Black / XL *KAMPANJ*",1.000,399.20,99.80,499.00,299.25,99.95,0.25037575150300601202
"20241027-1021-01-05","20241027-1021-01-05",0.000,0.00,0.00,0.00,0.00,0.00,
"20241027-1021-01-06","Model 1021 Women’s Coat - Black / 3XL *KAMPANJ*",2.000,798.40,199.60,998.00,598.50,199.90,0.25037575150300601202
"20241027-1021-05-06","Model 1021 Women’s Coat - Beige / 3XL *KAMPANJ*",1.000,399.20,99.80,499.00,299.25,99.95,0.25037575150300601202
"20241027-1022-02-04","20241027-1022-02-04",1.000,415.20,103.80,519.00,0.00,415.20,1.00000000000000000000
"20241027-1022-05-01","Model 1022 Women’s Coat - Beige / S *KAMPANJ*",1.000,414.40,103.60,518.00,389.25,25.15,0.06069015444015444015
"20241027-1022-05-04","Model 1022 Women’s Coat - Beige / XL *KAMPANJ*",1.000,419.72,104.93,524.65,389.25,30.47,0.07259601639188030115
"20241027-1022-05-05","20241027-1022-05-05",1.000,415.20,103.80,519.00,0.00,415.20,1.00000000000000000000
"20241027-1023-01-01","Model 1023 Women’s Coat - Black / S *KAMPANJ*",1.000,0.00,0.00,0.00,389.25,-389.25,
"20241027-1023-03-06","Model 1023 Women’s Coat - Brown / 3XL *KAMPANJ*",0.000,0.00,0.00,0.00,0.00,0.00,
"20241027-1024-03-06","Model 1024 Women’s Coat - Brown / 3XL *KAMPANJ*",1.000,419.72,104.93,524.65,389.25,30.47,0.07259601639188030115
"20241027-1025-01-01","Model 1025 Women’s Coat Made From 100 Percent Polyester",1.000,639.20,159.80,799.00,0.00,639.20,1.00000000000000000000
"20241027-1025-01-02","Model 1025 Women’s Coat - Black / M *KAMPANJ*",1.000,419.72,104.93,524.65,389.25,30.47,0.07259601639188030115
"20241027-1025-01-04","20241027-1025-01-04",1.000,639.20,159.80,799.00,0.00,639.20,1.00000000000000000000
"20241027-1025-01-05","20241027-1025-01-05",1.000,415.20,103.80,519.00,0.00,415.20,1.00000000000000000000
"20241027-1025-01-06","20241027-1025-01-06",1.000,415.20,103.80,519.00,0.00,415.20,1.00000000000000000000
"20241027-1025-02-01","20241027-1025-02-01",1.000,0.00,0.00,0.00,0.00,0.00,
"20241027-1025-02-04","Model 1025 Women’s Coat - Grey / XL *KAMPANJ*",1.000,419.72,104.93,524.65,389.25,30.47,0.07259601639188030115
"20241027-1025-02-06","20241027-1025-02-06",1.000,0.00,0.00,0.00,0.00,0.00,
"20241027-1025-08-04","Model 1025 Women’s Coat - Dark Blue / XL *KAMPANJ*",1.000,419.72,104.93,524.65,389.25,30.47,0.07259601639188030115
"20241027-1026-05-01","Model 1026 Women’s Coat - Beige / S *KAMPANJ*",1.000,959.20,239.80,1199.00,749.25,209.95,0.21888031693077564637
"20241027-1028-01-05","Model 1028 Women’s Coat - Black / 2XL *KAMPANJ*",1.000,959.20,239.80,1199.00,749.25,209.95,0.21888031693077564637
"20241027-1028-05-06","Model 1028 Women’s Coat - Beige / 3XL *KAMPANJ*",1.000,959.20,239.80,1199.00,749.25,209.95,0.21888031693077564637
"20241030-1029-01-01","Model 1029 Women’s Jackets - Black / S *KAMPANJ*",2.000,882.06,220.52,1102.58,374.25,507.81,0.57570913543296374396
"20241030-1029-01-02","20241030-1029-01-02",1.000,145.60,36.40,182.00,0.00,145.60,1.00000000000000000000
"20241030-1029-03-02","20241030-1029-03-02",1.000,289.60,72.40,362.00,0.00,289.60,1.00000000000000000000
"20241030-1030-01-01","Model 1030 Women’s Coat - Black / S *KAMPANJ*",1.000,415.68,103.92,519.60,389.25,26.43,0.06358256351039260970
"20241030-1030-04-02","Model 1030 Women’s Coat - Beige / M *KAMPANJ*",1.000,415.68,103.92,519.60,389.25,26.43,0.06358256351039260970
"20241030-1030-05-01","20241030-1030-05-01",1.000,639.20,159.80,799.00,0.00,639.20,1.00000000000000000000
"20241030-1030-05-02","Model 1030 Women’s Coat - Choco / M *KAMPANJ*",1.000,415.68,103.92,519.60,389.25,26.43,0.06358256351039260970
"20241030-1031-03-01","20241030-1031-03-01",1.000,0.00,0.00,0.00,0.00,0.00,
"20241030-1032-01-01","Model 1032 Women’s Coat - Black / S *KAMPANJ*",1.000,488.42,122.11,610.53,453.75,34.67,0.07098398918963187421
"20241030-1034-04-03","20241030-1034-04-03",1.000,0.00,0.00,0.00,0.00,0.00,
"20241030-1034-05-03","20241030-1034-05-03",1.000,0.00,0.00,0.00,0.00,0.00,
"20241030-1034-06-02","20241030-1034-06-02",1.000,415.20,103.80,519.00,0.00,415.20,1.00000000000000000000
"20241030-1036-02-03","Model 1036 Women’s Fur Coat Made From 100% Poly... - Black / L *KAMPANJ*",1.000,803.46,200.87,1004.33,749.25,54.21,0.06747068926891195579
"20241030-1040-02-04","Model 1040 Women Long Coat - Black / XL *KAMPANJ*",1.000,803.46,200.87,1004.33,749.25,54.21,0.06747068926891195579
"20241030-1042-03-01","Model 1042 Women Long Coat - Beige / S *KAMPANJ*",1.000,803.46,200.87,1004.33,749.25,54.21,0.06747068926891195579
"20241030-1042-04-04","Model 1042 Women Long Coat - Purple / XL *KAMPANJ*",1.000,803.46,200.87,1004.33,749.25,54.21,0.06747068926891195579
"20241030-1044-03-02","20241030-1044-03-02",1.000,639.20,159.80,799.00,0.00,639.20,1.00000000000000000000
"20241030-1044-03-03","20241030-1044-03-03",1.000,0.00,0.00,0.00,0.00,0.00,
"20241030-1044-04-02","20241030-1044-04-02",1.000,639.20,159.80,799.00,0.00,639.20,1.00000000000000000000
"20241030-1045-01-02","Model 1045 Women Long Coat - Beige / M *KAMPANJ*",1.000,419.72,104.93,524.65,389.25,30.47,0.07259601639188030115
"20241030-1047-03-02","Model 1047 Women Long Coat - Brown / M *KAMPANJ*",1.000,803.46,200.87,1004.33,749.25,54.21,0.06747068926891195579
"20241030-1047-03-03","Model 1047 Women Long Coat - Brown / L *KAMPANJ*",1.000,803.46,200.87,1004.33,749.25,54.21,0.06747068926891195579
"20241030-1048-02-01","Model 1048 Women Long Coat - Beige / S *KAMPANJ*",1.000,803.46,200.87,1004.33,749.25,54.21,0.06747068926891195579
"221-DarkBlue-4XL","XL 221 Men’s Puffer Jacket - Dark Blue / CN 4XL = EU M *KAMPANJ*",1.000,399.20,99.80,499.00,199.50,199.70,0.50025050100200400802
"23110-Black-XL","GY 23110 Women’s Puffer Jackets - Black / XL *KAMPANJ*",1.000,399.20,99.80,499.00,249.50,149.70,0.37500000000000000000
"23880-Black-L","GY 23880 Women’s Puffer Jackets - Black / L *KAMPANJ*",1.000,399.20,99.80,499.00,249.50,149.70,0.37500000000000000000
"23880-Brown-XL","GY 23880 Women’s Puffer Jackets - Choco / XL *KAMPANJ*",1.000,399.20,99.80,499.00,249.50,149.70,0.37500000000000000000
"24819-Black-2XL","YR2 Men’s Sweaters - Black / CN 2XL = EU M *KAMPANJ*",14.000,1555.20,388.80,1944.00,1253.00,302.20,0.19431584362139917695
"24819-Black-3XL","YR2 Men’s Sweaters - Black / CN 3XL = EU L *KAMPANJ*",1.000,120.00,30.00,150.00,89.50,30.50,0.25416666666666666667
"24819-Black-L","YR2 Men’s Sweaters - Black / CN L = EU XS *KAMPANJ*",4.000,574.08,143.52,717.60,358.00,216.08,0.37639353400222965440
"24819-Camel-L","YR2 Men’s Sweaters - Brown / CN L = EU XS *KAMPANJ*",1.000,143.52,35.88,179.40,89.50,54.02,0.37639353400222965440
"24819-Red-L","YR2 Men’s Sweaters - Grey / CN L = EU XS *KAMPANJ*",1.000,143.52,35.88,179.40,89.50,54.02,0.37639353400222965440
"24848-Black-2XL","YR4 Men’s Sweaters - Black / CN 2XL = EU M *KAMPANJ*",1.000,0.00,0.00,0.00,89.50,-89.50,
"25122-Black-M","INCI 25122 Women’s Puffer Jackets - Black / M *KAMPANJ*",1.000,559.20,139.80,699.00,349.50,209.70,0.37500000000000000000
"444-Brown-120","INCI 444 Children’s Puffer Jackets - Pink / L *KAMPANJ*",2.000,359.64,89.91,449.55,449.00,-89.36,-0.24847069291513735958
"444-Brown-130","INCI 444 Children’s Puffer Jackets - Pink / XL *KAMPANJ*",1.000,399.20,99.80,499.00,224.50,174.70,0.43762525050100200401
"444-Brown-140","INCI 444 Children’s Puffer Jackets - Pink / 2XL *KAMPANJ*",1.000,399.20,99.80,499.00,224.50,174.70,0.43762525050100200401
"518-69-BLACK GREY-40","518-69-BLACK GREY-40",1.000,39.20,9.80,49.00,0.00,39.20,1.00000000000000000000
"518-69-BLACKGREY-41","HZ 518-69 Men’s Sneakers - BLACK GREY / 41 *KAMPANJ*",1.000,78.18,19.54,97.72,49.50,28.68,0.36684574059861857252
"518-69-BLACK GREY-42","518-69-BLACK GREY-42",1.000,79.20,19.80,99.00,0.00,79.20,1.00000000000000000000
"518-69-BLACKGREY-42","HZ 518-69 Men’s Sneakers - BLACK GREY / 42 *KAMPANJ*",1.000,0.00,0.00,0.00,49.50,-49.50,
"518-69-BLACK RED-42","518-69-BLACK RED-42",1.000,79.20,19.80,99.00,0.00,79.20,1.00000000000000000000
"5860-Beige-L","GY 5860 Women’s Puffer Jackets - Beige / L *KAMPANJ*",1.000,399.20,99.80,499.00,249.50,149.70,0.37500000000000000000
"5860-Black-L","GY 5860 Women’s Puffer Jackets - Black / L *KAMPANJ*",1.000,559.20,139.80,699.00,249.50,309.70,0.55382689556509298999
"5860-Black-S","GY 5860 Women’s Puffer Jackets - Black / 3XL *KAMPANJ*",1.000,399.20,99.80,499.00,249.50,149.70,0.37500000000000000000
"5860-Black-XL","GY 5860 Women’s Puffer Jackets - Black / XL *KAMPANJ*",1.000,399.20,99.80,499.00,249.50,149.70,0.37500000000000000000
"615-BEIGE-36","DY 615 Women’s Slippers - BEIGE / 36 *KAMPANJ*",17.000,1242.96,310.80,1553.76,1096.50,146.46,0.11783162772736049430
"615-BEIGE-37","DY 615 Women’s Slippers - BEIGE / 37 *KAMPANJ*",8.000,310.75,77.69,388.44,516.00,-205.25,-0.66049879324215607401
"615-BEIGE-38","DY 615 Women’s Slippers - BEIGE / 38 *KAMPANJ*",1.000,0.00,0.00,0.00,64.50,-64.50,
"615-BLACK-36","DY 615 Women’s Slippers - BLACK / 36 *KAMPANJ*",2.000,207.16,51.80,258.96,129.00,78.16,0.37729291368990152539
"615-BLACK-39","DY 615 Women’s Slippers - BLACK / 39 *KAMPANJ*",1.000,103.58,25.90,129.48,64.50,39.08,0.37729291368990152539
"618-Black-L","INCI 618 Women’s Puffer Jackets - Black / L *KAMPANJ*",1.000,0.00,0.00,0.00,349.50,-349.50,
"622-BLACK-36","HZ CM20 Women’s Sneakers for Comfort and Style",3.000,277.60,69.40,347.00,0.00,277.60,1.00000000000000000000
"622-BLACK-40","HZ CM20 Women’s Sneakers - RED / 40 *KAMPANJ*",1.000,0.00,0.00,0.00,49.50,-49.50,
"625-BLACK-36","HZ 8686 Women’s Sneakers - BLACK / 36 *KAMPANJ*",3.000,197.38,49.34,246.72,49.50,147.88,0.74921471273685277130
"6352-KHAKI-37","6352-KHAKI-37",1.000,0.00,0.00,0.00,0.00,0.00,
"6352-KHAKI-40","6352-KHAKI-40",1.000,0.00,0.00,0.00,0.00,0.00,
"6607-D-US","6607 Leggings For Everyday Wear - Default / Universal Size *KAMPANJ*",6.000,477.60,119.40,597.00,297.00,180.60,0.37814070351758793970
"6851cbb3","Stylish and Comfortable JJ1002 Leggings for Everyday Wear",1.000,46.40,11.60,58.00,0.00,46.40,1.00000000000000000000
"6b518549","Stylish 9903 Leggings for Comfort and Flexibility",3.000,172.00,43.00,215.00,0.00,172.00,1.00000000000000000000
"708-BLACK-36","HZ 708 Women’s Sneakers - BLACK / 36 *KAMPANJ*",3.000,268.04,67.00,335.04,253.50,14.54,0.05424563497985375317
"708-BLACK-37","HZ 708 Women’s Sneakers - BLACK / 37 *KAMPANJ*",3.000,134.02,33.50,167.52,253.50,-119.48,-0.89150873004029249366
"708-BLACK-38","HZ 708 Women’s Sneakers - BLACK / 38 *KAMPANJ*",2.000,251.28,62.82,314.10,169.00,82.28,0.32744348933460681312
"708-BLACK-40","HZ 708 Women’s Sneakers - BLACK / 40 *KAMPANJ*",1.000,0.00,0.00,0.00,84.50,-84.50,
"708-BLACK-41","HZ 708 Women’s Sneakers - BLACK / 41 *KAMPANJ*",1.000,134.02,33.50,167.52,84.50,49.52,0.36949708998656916878
"71504-BLACK-39","DY 71504 Women’s Slippers - BLACK / 39 *KAMPANJ*",1.000,103.58,25.90,129.48,64.50,39.08,0.37729291368990152539
"71602-BEIGE-37","DY 71602 Women’s Slippers - BEIGE / 37 *KAMPANJ*",1.000,103.58,25.90,129.48,64.50,39.08,0.37729291368990152539
"7517-WHITE-39","7517-WHITE-39",0.000,0.00,0.00,0.00,0.00,0.00,
"79888-Black-3XL","XL 79888 Men’s Puffer Jacket - Black / CN 3XL = EU XL *KAMPANJ*",1.000,399.20,99.80,499.00,249.50,149.70,0.37500000000000000000
"7a0bdbda","7a0bdbda",1.000,0.79,0.20,0.99,0.00,0.79,1.00000000000000000000
"7ec63c9f","JJ1001 Leggings for Women - Comfortable and Stylish Wear",9.000,418.40,104.60,523.00,0.00,418.40,1.00000000000000000000
"837-BLACK-40","HZ 837 Men’s Sneakers - BLACK / 40 *KAMPANJ*",3.000,402.05,100.51,502.56,253.50,148.55,0.36948140778510135555
"837-BLACK-42","HZ 837 Men’s Sneakers - BLACK / 42 *KAMPANJ*",1.000,134.02,33.50,167.52,84.50,49.52,0.36949708998656916878
"837-Black-M","INCI 837 Women’s Puffer Jackets - Black / M *KAMPANJ*",1.000,559.20,139.80,699.00,349.50,209.70,0.37500000000000000000
"868-12-RED-36","HZ 266 Women’s Sneakers for Comfort and Style",1.000,119.20,29.80,149.00,0.00,119.20,1.00000000000000000000
"868-8-BLACK-41","HZ 868-8 Women’s Sneakers - BLACK / 41 *KAMPANJ*",1.000,0.00,0.00,0.00,49.50,-49.50,
"868-Beige-2XL","GY1 Women’s Puffer Jackets - Beige / 2XL *KAMPANJ*",1.000,0.00,0.00,0.00,249.50,-249.50,
"868-Beige-M","GY1 Women’s Puffer Jackets - Beige / 4XL *KAMPANJ*",1.000,0.00,0.00,0.00,249.50,-249.50,
"88006-Black-2XL","GY24 Women’s Puffer Jackets - Black / 2XL *KAMPANJ*",1.000,399.20,99.80,499.00,249.50,149.70,0.37500000000000000000
"88006-Black-M","GY24 Women’s Puffer Jackets - Black / 3XL *KAMPANJ*",1.000,399.20,99.80,499.00,249.50,149.70,0.37500000000000000000
"8805-DarkBlue-2XL","XL 8805 Men’s Puffer Jacket - Dark Blue / CN 6XL = EU 2XL *KAMPANJ*",1.000,399.20,99.80,499.00,199.50,199.70,0.50025050100200400802
"8806-Black-5XL","XL 8806 Men’s Puffer Jacket - Black / CN 5XL = EU XL *KAMPANJ*",1.000,399.20,99.80,499.00,249.50,149.70,0.37500000000000000000
"8806-DarkBlue-5XL","XL 8806 Men’s Puffer Jacket - Dark Blue / CN 5XL = EU XL *KAMPANJ*",1.000,399.20,99.80,499.00,249.50,149.70,0.37500000000000000000
"8806-DarkBlue-6XL","XL 8806 Men’s Puffer Jacket - Dark Blue / CN 6XL = EU 2XL *KAMPANJ*",1.000,399.20,99.80,499.00,249.50,149.70,0.37500000000000000000
"880-Black-4XL","XL 8807 Men’s Puffer Jacket - Black / CN4XL = EU L *KAMPANJ*",1.000,319.68,79.92,399.60,199.50,120.18,0.37593843843843843844
"880-Black-5XL","880-Black-5XL",0.000,0.00,0.00,0.00,0.00,0.00,
"8810-Black-2XL","GY 8810 Women’s Puffer Jackets - Black / 2XL *KAMPANJ*",1.000,399.20,99.80,499.00,249.50,149.70,0.37500000000000000000
"8810-Black-L","GY 8810 Women’s Puffer Jackets - Black / L *KAMPANJ*",1.000,0.00,0.00,0.00,249.50,-249.50,
"88200-Black-S","GY 88200 Women’s Puffer Jackets - Black / 4XL *KAMPANJ*",1.000,240.00,60.00,300.00,249.50,-9.50,-0.03958333333333333333
"8de7a3f6","Comfortable 9901 Leggings for Everyday Wear and Style",1.000,46.40,11.60,58.00,0.00,46.40,1.00000000000000000000
"9011-BEIGE-44","HZ F9373/7M Men’s Sneakers - GRY / 44 *KAMPANJ*",2.000,268.04,67.00,335.04,169.00,99.04,0.36949708998656916878
"9011-BLACK-44","HZ F9373/7M Men’s Sneakers - BLACK / 44 *KAMPANJ*",1.000,79.20,19.80,99.00,84.50,-5.30,-0.06691919191919191919
"91600-Black-M","GY 916 Women’s Puffer Jackets - Black / 3XL *KAMPANJ*",1.000,319.20,79.80,399.00,249.50,69.70,0.21835839598997493734
"91600-Brown-L","GY 916 Women’s Puffer Jackets - Pink / L *KAMPANJ*",1.000,399.20,99.80,499.00,249.50,149.70,0.37500000000000000000
"91600-Grey-XL","GY 916 Women’s Puffer Jackets - White / XL *KAMPANJ*",1.000,399.20,99.80,499.00,249.50,149.70,0.37500000000000000000
"970-D-US","High-Performance 970 Leggings for Ultimate Comfort - Default / Universal Size *KAMPANJ*",1.000,199.20,49.80,249.00,124.50,74.70,0.37500000000000000000
"98-17-BROWN-39","HZ 98-17 Men’s Sneakers - BROWN / 39 *KAMPANJ*",5.000,521.26,130.30,651.56,338.00,183.26,0.35157119287879369221
"98-17-BROWN-40","HZ 98-17 Men’s Sneakers - BROWN / 40 *KAMPANJ*",3.000,134.02,33.50,167.52,253.50,-119.48,-0.89150873004029249366
"98-17-BROWN-41","HZ 98-17 Men’s Sneakers - BROWN / 41 *KAMPANJ*",1.000,134.02,33.50,167.52,84.50,49.52,0.36949708998656916878
"98-17-BROWN-42","HZ 98-17 Men’s Sneakers - BROWN / 42 *KAMPANJ*",1.000,134.02,33.50,167.52,84.50,49.52,0.36949708998656916878
"98-17-BROWN-43","HZ 98-17 Men’s Sneakers - BROWN / 43 *KAMPANJ*",1.000,0.00,0.00,0.00,84.50,-84.50,
"98-17-BROWN-44","HZ 98-17 Men’s Sneakers - BROWN / 44 *KAMPANJ*",1.000,134.02,33.50,167.52,84.50,49.52,0.36949708998656916878
"98-17-KHAKI-42","HZ 98-17 Men’s Sneakers - Black / 42 *KAMPANJ*",1.000,134.02,33.50,167.52,84.50,49.52,0.36949708998656916878
"98-6-BLACK-39","HZ 98-6 Men’s Sneakers - BLACK / 39 *KAMPANJ*",4.000,313.74,78.42,392.16,148.50,165.24,0.52667814113597246127
"98-6-BLACK-40","HZ 98-6 Men’s Sneakers - BLACK / 40 *KAMPANJ*",3.000,234.54,58.62,293.16,148.50,86.04,0.36684574059861857252
"98-6-BLACK-41","HZ 98-6 Men’s Sneakers - BLACK / 41 *KAMPANJ*",2.000,78.18,19.54,97.72,99.00,-20.82,-0.26630851880276285495
"98-6-BLACK-42","HZ 98-6 Men’s Sneakers - BLACK / 42 *KAMPANJ*",3.000,156.36,39.08,195.44,148.50,7.86,0.05026861089792785879
"98-6-BLACK-43","HZ 98-6 Men’s Sneakers - BLACK / 43 *KAMPANJ*",3.000,156.36,39.08,195.44,148.50,7.86,0.05026861089792785879
"98-6-BLACK-44","HZ 98-6 Men’s Sneakers - BLACK / 44 *KAMPANJ*",4.000,157.38,39.34,196.72,148.50,8.88,0.05642394205108654213
"98-6-GREY-39","HZ 98-6 Men’s Sneakers for Comfort and Style",1.000,0.00,0.00,0.00,0.00,0.00,
"9901-D-US","Comfortable 9901 Leggings for Everyday Wear and... - Default / Universal Size *KAMPANJ*",11.000,522.18,130.56,652.74,324.50,197.68,0.37856677773947680876
"9903-D-US","9903 Leggings for Comfort and Flexibility - Default / Universal Size *KAMPANJ*",4.000,189.88,47.48,237.36,118.00,71.88,0.37855487676427217190
"9921-DarkBlue-XL","XL 9921 Men’s Puffer Jacket - Dark Blue / CN XL = EU S *KAMPANJ*",1.000,399.20,99.80,499.00,249.50,149.70,0.37500000000000000000
"9922-Black-2XL","XL 9922 Men’s Puffer Jacket - Black / CN 2XL = EU M *KAMPANJ*",1.000,399.20,99.80,499.00,249.50,149.70,0.37500000000000000000
"9922-Black-XL","XL 9922 Men’s Puffer Jacket - Black / CN XL = EU S *KAMPANJ*",2.000,798.40,199.60,998.00,499.00,299.40,0.37500000000000000000
"9922-DarkBlue-4XL","XL 9922 Men’s Puffer Jacket - Dark Blue / CN 4XL = EU XL *KAMPANJ*",1.000,399.20,99.80,499.00,249.50,149.70,0.37500000000000000000
"9922-DarkBlue-XL","XL 9922 Men’s Puffer Jacket - Dark Blue / CN XL = EU S *KAMPANJ*",1.000,0.00,0.00,0.00,249.50,-249.50,
"9956-D-US","9956 Leggings for Comfort and Fashionable Fit - Default / Universal Size *KAMPANJ*",1.000,79.60,19.90,99.50,49.50,30.10,0.37814070351758793970
"99851-Brown-XL","GY 998 Women’s Puffer Jackets - Pink / XL *KAMPANJ*",1.000,399.20,99.80,499.00,249.50,149.70,0.37500000000000000000
"AC10-BLACK-37","AC10-BLACK-37",1.000,0.00,0.00,0.00,0.00,0.00,
"AC10-BLACK-39","AC10-BLACK-39",1.000,0.00,0.00,0.00,0.00,0.00,
"AC10-BLACK-40","AC10-BLACK-40",1.000,0.00,0.00,0.00,0.00,0.00,
"AC10-WHITE-38","CHW AC10 Women’s Sneakers - WHITE / 38 *KAMPANJ*",2.000,0.00,0.00,0.00,149.50,-149.50,
"AC-A-US","AC Top Wool - Amber / Universal Size *KAMPANJ*",1.000,0.00,0.00,0.00,199.50,-199.50,
"AC-A-US-2","AC Top Wool - Amber / Universal Size *KAMPANJ*",1.000,321.06,80.27,401.33,199.50,121.56,0.37862081853859091759
"AC-A-US-3","AC 8244 Women’s Fur-Trimmed Wool and Polyester ... - Amber / Universal Size *KAMPANJ*",1.000,321.06,80.27,401.33,199.50,121.56,0.37862081853859091759
"AC-B-US","AC Top Wool - Beige / Universal Size *KAMPANJ*",1.000,319.20,79.80,399.00,199.50,119.70,0.37500000000000000000
"AC-W-US","AC Top Wool - White / Universal Size *KAMPANJ*",2.000,321.06,80.27,401.33,399.00,-77.94,-0.24275836292281816483
"AD256-Black-L","MG AD256 Women’s Sporty Winter Tracksuit - Black / L *KAMPANJ*",1.000,399.20,99.80,499.00,199.50,199.70,0.50025050100200400802
"AD256-Black-M","MG AD256 Women’s Sporty Winter Tracksuit - Black / M *KAMPANJ*",1.000,399.20,99.80,499.00,199.50,199.70,0.50025050100200400802
"AD256-Grey-L","MG AD256 Women’s Sporty Winter Tracksuit - Grey / L *KAMPANJ*",1.000,399.20,99.80,499.00,199.50,199.70,0.50025050100200400802
"ad2aa220","High-Performance 970 Leggings for Ultimate Comfort",2.000,199.20,49.80,249.00,0.00,199.20,1.00000000000000000000
"AF01-BLACK-37","AF01-BLACK-37",0.000,0.00,0.00,0.00,0.00,0.00,
"AF01-BLACK-38","AF01-BLACK-38",2.000,279.20,69.80,349.00,0.00,279.20,1.00000000000000000000
"AF01-BLACK-39","AF01-BLACK-39",0.000,0.00,0.00,0.00,0.00,0.00,
"AF01-BLACK-40","AF01-BLACK-40",2.000,0.00,0.00,0.00,0.00,0.00,
"AF01-GREY-36","AF01-GREY-36",1.000,279.20,69.80,349.00,0.00,279.20,1.00000000000000000000
"AF01-GREY-37","CHW AF01 Women’s Sneakers - GREY / 37 *KAMPANJ*",2.000,279.20,69.80,349.00,149.50,129.70,0.46454154727793696275
"AF01-GREY-38","AF01-GREY-38",2.000,558.40,139.60,698.00,0.00,558.40,1.00000000000000000000
"AF01-GREY-40","AF01-GREY-40",1.000,0.00,0.00,0.00,0.00,0.00,
"AF01-OFF WHITE-37","AF01-OFF WHITE-37",1.000,0.00,0.00,0.00,0.00,0.00,
"AF01-OFF WHITE-39","AF01-OFF WHITE-39",1.000,0.00,0.00,0.00,0.00,0.00,
"AF01-WHITE-38","CHW AF01 Women’s Sneakers - WHITE / 38 *KAMPANJ*",1.000,239.68,59.92,299.60,149.50,90.18,0.37625166889185580774
"AF01-WHITE-39","CHW AF01 Women’s Sneakers - WHITE / 39 *KAMPANJ*",1.000,0.00,0.00,0.00,149.50,-149.50,
"AF02-BLACK-37","CHW AF02 Women’s Sneakers - BLACK / 37 *KAMPANJ*",12.000,479.52,119.88,599.40,1794.00,-1314.48,-2.7412412412412412
"AF02-GREY-36","CHW AF02 Women’s Sneakers - GREY / 36 *KAMPANJ*",1.000,0.00,0.00,0.00,149.50,-149.50,
"AF02-GREY-40","AF02-GREY-40",2.000,558.40,139.60,698.00,0.00,558.40,1.00000000000000000000
"AF02-OFF WHITE-36","CHW AF02 Women’s Sneakers Stylish and Comfortable Footwear",1.000,279.20,69.80,349.00,0.00,279.20,1.00000000000000000000
"AF02-OFF WHITE-38","AF02-OFF WHITE-38",1.000,279.20,69.80,349.00,0.00,279.20,1.00000000000000000000
"AF06-BLACK-39","CHW AF06 Women’s Sneakers - BLACK / 39 *KAMPANJ*",2.000,279.20,69.80,349.00,149.50,129.70,0.46454154727793696275
"AF06-GREY-39","AF06-GREY-39",1.000,280.00,70.00,350.00,0.00,280.00,1.00000000000000000000
"ALEX-D-US","Alex - Default / Universal Size *KAMPANJ*",20.000,1770.15,442.58,2212.73,1250.00,520.15,0.29384515436544925571
"b046d23c","Alex",54.000,2376.79,594.20,2970.99,0.00,2376.79,1.00000000000000000000
"b2cc6fb0","Stylish 9956 Leggings for Comfort and Fashionable Fit",21.000,927.20,231.80,1159.00,0.00,927.20,1.00000000000000000000
"BAJ318-Beige-2XL","G2 BAJ318 SUMMER Men’s Sporty Tracksuit - Beige / 2XL *KAMPANJ*",1.000,394.90,98.72,493.62,249.50,145.40,0.36819447961509242846
"BAJ318-Black-L","G2 BAJ318 SUMMER Men’s Sporty Tracksuit - Black / L *KAMPANJ*",3.000,1193.30,298.32,1491.62,249.50,943.80,0.79091594737283164334
"BAJ318-Grey-2XL","BAJ318-Grey-2XL",1.000,559.20,139.80,699.00,0.00,559.20,1.00000000000000000000
"BAJ318-Grey-L","G2 BAJ318 SUMMER Men’s Sporty Tracksuit - Grey / L *KAMPANJ*",1.000,394.90,98.72,493.62,249.50,145.40,0.36819447961509242846
"BAJ50-Black-2XL","G2 BAJ50 Men’s Sporty Multi Season Tracksuit Set - Black / 2XL *KAMPANJ*",1.000,0.00,0.00,0.00,249.50,-249.50,
"BAJ50-Black-L","G2 BAJ50 Men’s Sporty Multi Season Tracksuit Set - Black / L *KAMPANJ*",1.000,399.60,99.90,499.50,249.50,150.10,0.37562562562562562563
"BAJ50-Black-XL","G2 BAJ50 Men’s Sporty Multi Season Tracksuit Set - Black / XL *KAMPANJ*",1.000,399.60,99.90,499.50,249.50,150.10,0.37562562562562562563
"BAJ50-Grey-M","G2 BAJ50 Men’s Sporty Multi Season Tracksuit Set - Grey / M *KAMPANJ*",1.000,399.60,99.90,499.50,249.50,150.10,0.37562562562562562563
"BAJ50-L-3XL","G2 BAJ50 Men’s Sporty Multi Season Tracksuit Set - L grey / 3XL *KAMPANJ*",1.000,399.60,99.90,499.50,249.50,150.10,0.37562562562562562563
"BAJ51-Grey-M","G2 BAJ51 Men’s Sporty Multi Season Tracksuit Set - Grey / M *KAMPANJ*",1.000,399.60,99.90,499.50,249.50,150.10,0.37562562562562562563
"BAJ51-Grey-XL","G2 BAJ51 Men’s Sporty Multi Season Tracksuit Set - Grey / XL *KAMPANJ*",2.000,798.80,199.70,998.50,249.50,549.30,0.68765648472709063595
"BAJ52-Beige-M","G2 BAJ52 Men’s Sporty Multi Season Tracksuit - Beige / M *KAMPANJ*",0.000,0.00,0.00,0.00,0.00,0.00,
"BAJ52-Black-XL","BAJ52-Black-XL",1.000,399.20,99.80,499.00,0.00,399.20,1.00000000000000000000
"BAJ52-Brown-M","G2 BAJ52 Men’s Sporty Multi Season Tracksuit - Dark blue / M *KAMPANJ*",1.000,399.60,99.90,499.50,249.50,150.10,0.37562562562562562563
"BAJ52-Grey-2XL","BAJ52-Grey-2XL",0.000,0.00,0.00,0.00,0.00,0.00,
"BAJ53-Beige-3XL","G2 BAJ53 Men’s Sporty Multi Season Tracksuit - Beige / 3XL *KAMPANJ*",1.000,399.60,99.90,499.50,249.50,150.10,0.37562562562562562563
"BAJ53-Black-M","G2 BAJ53 Men’s Sporty Multi Season Tracksuit - Black / M *KAMPANJ*",0.000,0.00,0.00,0.00,0.00,0.00,
"BAJ54-Black-L","BAJ54-Black-L",1.000,399.20,99.80,499.00,0.00,399.20,1.00000000000000000000
"BAJ54-Black-XL","BAJ54-Black-XL",2.000,399.20,99.80,499.00,0.00,399.20,1.00000000000000000000
"BAJ54-Grey-L","G2 BAJ54 Men’s Sporty Multi Seasons Swedish Tra... - white / L *KAMPANJ*",5.000,1757.20,439.30,2196.50,249.50,1507.70,0.85801274755292510813
"bee46bb6","High-Performance 1668 Compression Leggings for Women",6.000,372.80,93.20,466.00,0.00,372.80,1.00000000000000000000
"BK0031-BEIGE-40","CHW BK0031 Women’s Sneakers - BEIGE / 40 *KAMPANJ*",1.000,0.00,0.00,0.00,149.50,-149.50,
"BK0031-BLACK-36","BK0031-BLACK-36",1.000,279.20,69.80,349.00,0.00,279.20,1.00000000000000000000
"BK0031-BLACK-40","CHW BK0031 Women’s Sneakers - BLACK / 40 *KAMPANJ*",2.000,0.00,0.00,0.00,299.00,-299.00,
"BK0031-GREY-37","CHW BK0031 Women’s Sneakers - GREY / 37 *KAMPANJ*",1.000,0.00,0.00,0.00,149.50,-149.50,
"BK0031-GREY-40","BK0031-GREY-40",1.000,0.00,0.00,0.00,0.00,0.00,
"C188-BEIGE-40","CH C188 Men’s Sneakers - BEIGE / 40 *KAMPANJ*",1.000,236.50,59.13,295.63,149.50,87.00,0.36786469344608879493
"C188-BEIGE-41","C188-BEIGE-41",1.000,0.00,0.00,0.00,0.00,0.00,
"C188-BEIGE-44","C188-BEIGE-44",1.000,239.20,59.80,299.00,0.00,239.20,1.00000000000000000000
"C188-KHAKI-40","C188-KHAKI-40",1.000,239.20,59.80,299.00,0.00,239.20,1.00000000000000000000
"C188-KHAKI-41","C188-KHAKI-41",1.000,0.00,0.00,0.00,0.00,0.00,
"C188-KHAKI-42","CH C188 Men’s Sneakers - KHAKI / 42 *KAMPANJ*",1.000,0.00,0.00,0.00,149.50,-149.50,
"C188-RED-41","C188-RED-41",1.000,279.20,69.80,349.00,0.00,279.20,1.00000000000000000000
"C191-BLACK-40","CH C191 Men’s Sneakers - BLACK / 40 *KAMPANJ*",1.000,0.00,0.00,0.00,149.50,-149.50,
"C191-BLACK-41","CH C191 Men’s Sneakers - BLACK / 41 *KAMPANJ*",1.000,0.00,0.00,0.00,149.50,-149.50,
"C191-BLACK-42","CH C191 Men’s Sneakers - BLACK / 42 *KAMPANJ*",2.000,0.00,0.00,0.00,149.50,-149.50,
"C191-WHITE_BEIGE-42","CH C191 Men’s Sneakers - WHITE/BEIGE / 42 *KAMPANJ*",1.000,236.50,59.13,295.63,149.50,87.00,0.36786469344608879493
"C191-WHITE_RED-40","CH C191 Men’s Sneakers - WHITE/RED / 40 *KAMPANJ*",1.000,0.00,0.00,0.00,149.50,-149.50,
"C191-WHITE_RED-44","CH C191 Men’s Sneakers - WHITE/RED / 44 *KAMPANJ*",1.000,0.00,0.00,0.00,149.50,-149.50,
"C196-BLACK-41","CH C196 Men’s Sneakers - BLACK / 41 *KAMPANJ*",1.000,0.00,0.00,0.00,149.50,-149.50,
"C196-WHITE-41","C196-WHITE-41",1.000,279.20,69.80,349.00,0.00,279.20,1.00000000000000000000
"C197-BEIGE-42","CH C197 Men’s Sneakers - BEIGE / 42 *KAMPANJ*",3.000,0.00,0.00,0.00,299.00,-299.00,
"C197-WHITE-43","CH C197 Men’s Sneakers - WHITE / 43 *KAMPANJ*",1.000,0.00,0.00,0.00,149.50,-149.50,
"C197-WHITE-44","CH C197 Men’s Sneakers - WHITE / 44 *KAMPANJ*",1.000,0.00,0.00,0.00,149.50,-149.50,
"CC06-1-BEIGE-37","CC06-1-BEIGE-37",1.000,239.20,59.80,299.00,0.00,239.20,1.00000000000000000000
"CC06-1-BEIGE-39","CC06-1-BEIGE-39",1.000,279.20,69.80,349.00,0.00,279.20,1.00000000000000000000
"CC06-1-SILVER_PINK-37","CHW CC06-1 Women’s Sneakers - SILVER/PINK / 37 *KAMPANJ*",1.000,0.00,0.00,0.00,149.50,-149.50,
"CC06-1-SILVER_PINK-38","CC06-1-SILVER_PINK-38",1.000,279.20,69.80,349.00,0.00,279.20,1.00000000000000000000
"CC06-1-SILVER_PINK-39","CC06-1-SILVER_PINK-39",1.000,0.00,0.00,0.00,0.00,0.00,
"CC06-1-WHITE-36","CHW CC06-1 Women’s Sneakers - WHITE / 36 *KAMPANJ*",1.000,0.00,0.00,0.00,149.50,-149.50,
"CC06-1-WHITE-37","CC06-1-WHITE-37",1.000,0.00,0.00,0.00,0.00,0.00,
"CC06-1-WHITE-38","CHW CC06-1 Women’s Sneakers - WHITE / 38 *KAMPANJ*",2.000,0.00,0.00,0.00,149.50,-149.50,
"CC08-BEIGE-36","CHW CC08 Women’s Sneakers - BEIGE / 36 *KAMPANJ*",0.000,0.00,0.00,0.00,0.00,0.00,
"CF1-B-US","CF1 Sweater Women’s - Beige / Universal Size *KAMPANJ*",1.000,239.40,59.85,299.25,149.50,89.90,0.37552213868003341688
"CF1-G-US","CF1 Sweater Women’s - Gray / Universal Size *KAMPANJ*",1.000,239.40,59.85,299.25,149.50,89.90,0.37552213868003341688
"CF1-P-US","CF1 Sweater Women’s - Purple / Universal Size *KAMPANJ*",2.000,478.80,119.70,598.50,299.00,179.80,0.37552213868003341688
"CF6-W-US","CF6 Sweater Women’s - White / Universal Size *KAMPANJ*",1.000,239.40,59.85,299.25,149.50,89.90,0.37552213868003341688
"CHB335-Black-11-12","MG CHB335 Childrens Sporty Winter Tracksuit - Black / 11-12 *KAMPANJ*",0.000,0.00,0.00,0.00,0.00,0.00,
"CHB335-Brown-9-10","MG CHB335 Childrens Sporty Winter Tracksuit - Brown / 9-10 *KAMPANJ*",1.000,0.00,0.00,0.00,164.50,-164.50,
"CK22-BLACK-40","CHW CK22 Women’s Sneakers - BLACK / 40 *KAMPANJ*",5.000,0.00,0.00,0.00,747.50,-747.50,
"CK22-WHITE-37","CK22-WHITE-37",1.000,239.20,59.80,299.00,0.00,239.20,1.00000000000000000000
"CK22-WHITE-38","CHW CK22 Women’s Sneakers - WHITE / 38 *KAMPANJ*",1.000,0.00,0.00,0.00,149.50,-149.50,
"CK22-WHITE-40","CHW CK22 Women’s Sneakers - WHITE / 40 *KAMPANJ*",2.000,0.00,0.00,0.00,149.50,-149.50,
"D71-BROWN-39","L6627 Sneakers - Black / 39 *KAMPANJ*",1.000,0.00,0.00,0.00,84.50,-84.50,
"D71-BROWN-41","L6627 Sneakers - Black / 41 *KAMPANJ*",2.000,268.04,67.00,335.04,169.00,99.04,0.36949708998656916878
"D8666-10-Louis-Brown","MS D8666-10 Women'S Handbag - Brown *KAMPANJ*",32.000,1832.16,458.04,2290.20,3084.50,-1252.34,-0.68353200593834599598
"D8666-22-Black","MS D8666-22 Women's Handbag - Black *KAMPANJ*",16.000,1433.60,358.40,1792.00,796.00,637.60,0.44475446428571428571
"DL596-Beige-OneSize","MG DL596 Women’s Sporty Long Cotton Dress - Beige / One Size *KAMPANJ*",1.000,262.82,65.71,328.53,164.50,98.32,0.37409633970017502473
"DL596-Black-One Size","MG DL596 Women’s Sporty Long Cotton Dress for Casual Wear",7.000,885.60,221.40,1107.00,0.00,885.60,1.00000000000000000000
"DL596-Brown-One Size","DL596-Brown-One Size",1.000,295.20,73.80,369.00,0.00,295.20,1.00000000000000000000
"DL596-Grey-One Size","DL596-Grey-One Size",1.000,295.20,73.80,369.00,0.00,295.20,1.00000000000000000000
"DV507-Beige-XL","MG DV507 Women’s Sporty Winter Tracksuit - Beige / XL *KAMPANJ*",1.000,402.86,100.72,503.58,249.50,153.36,0.38067815121878568237
"DV507-Grey-XL","MG DV507 Women’s Sporty Winter Tracksuit - Grey / XL *KAMPANJ*",1.000,402.86,100.72,503.58,249.50,153.36,0.38067815121878568237
"e4c4f990","Stylish And Comfortable 6607 Leggings For Everyday Wear",11.000,554.40,138.60,693.00,0.00,554.40,1.00000000000000000000
"EE06-BLACK-37","EE06-BLACK-37",0.000,0.00,0.00,0.00,0.00,0.00,
"EE06-BLACK-38","CHW EE06 Women’s Sneakers - BLACK / 38 *KAMPANJ*",1.000,0.00,0.00,0.00,149.50,-149.50,
"EE06-BLACK-40","CHW EE06 Women’s Sneakers - BLACK / 40 *KAMPANJ*",1.000,0.00,0.00,0.00,149.50,-149.50,
"EE06-GREY-36","CHW EE06 Women’s Sneakers - GREY / 36 *KAMPANJ*",1.000,0.00,0.00,0.00,149.50,-149.50,
"EE06-GREY-39","EE06-GREY-39",1.000,0.00,0.00,0.00,0.00,0.00,
"EE06-PINK-36","EE06-PINK-36",1.000,0.00,0.00,0.00,0.00,0.00,
"EE06-PINK-39","CHW EE06 Women’s Sneakers - PINK / 39 *KAMPANJ*",1.000,239.68,59.92,299.60,149.50,90.18,0.37625166889185580774
"G8666-31-London-Brown","MS G8666-31 Women's Handbag - Brown *KAMPANJ*",14.000,955.36,238.84,1194.20,298.50,656.86,0.68755233629207837883
"G8666-38-Coffee","MS G8666-38 Women's Handbag - Coffee *KAMPANJ*",2.000,159.36,39.84,199.20,199.00,-39.64,-0.24874497991967871486
"G8666-40-Khaki","MS G8666-40 Women's Handbag and Functional Design - Khaki *KAMPANJ*",9.000,636.80,159.20,796.00,99.50,537.30,0.84375000000000000000
"G8666-4-Milk-Coffee","MS G8666-4 Women's Handbag Stylish and Durable Design",6.000,636.80,159.20,796.00,0.00,636.80,1.00000000000000000000
"G8666-50-Louis-Brown","MS G8666-50 Women's Handbag Elegant Design for Every Occasion",3.000,158.40,39.60,198.00,0.00,158.40,1.00000000000000000000
"G8666-54-Coffee-Brown","MS G8666-54 Women's Handbag Stylish High-Quality Design",1.000,0.00,0.00,0.00,0.00,0.00,
"G8666-57-CHOCOLATE","MS G8666-57 Women'S Handbag - Chocolate *KAMPANJ*",1.000,159.36,39.84,199.20,99.50,59.86,0.37562751004016064257
"GD303-Beige-L","MG GD303 Women’s Sporty Winter Tracksuit - Green / L *KAMPANJ*",1.000,399.20,99.80,499.00,199.50,199.70,0.50025050100200400802
"GD303-Black-L","MG GD303 Women’s Sporty Winter Tracksuit - Black / L *KAMPANJ*",1.000,399.20,99.80,499.00,199.50,199.70,0.50025050100200400802
"GDB303-Black-15-16","MG GDB303 Children’s Sporty Winter Tracksuit fo... - Black / 15-16 *KAMPANJ*",1.000,399.20,99.80,499.00,199.50,199.70,0.50025050100200400802
"GDB303-Brown-11-12","MG GDB303 Children’s Sporty Winter Tracksuit fo... - Brown / 11-12 *KAMPANJ*",1.000,0.00,0.00,0.00,199.50,-199.50,
"GENSKU_0","Alex 2",2.000,86.40,21.60,108.00,0.00,86.40,1.00000000000000000000
"JJ1001-D-US","JJ1001 Leggings for Women - Default / Universal Size *KAMPANJ*",19.000,901.96,225.50,1127.46,840.75,61.21,0.06786331988114772274
"JJ1002-D-US","JJ1002 Leggings for Everyday Wear - Default / Universal Size *KAMPANJ*",8.000,379.76,94.96,474.72,354.00,25.76,0.06783231514640825785
"JP1-B-US","JP1 Fur Jackets and Elegance - Brown / Universal Size *KAMPANJ*",1.000,0.00,0.00,0.00,214.50,-214.50,
"JP2-B-US-2","JP2 Black Vest Jackets - Beige / Universal Size *KAMPANJ*",1.000,262.82,65.71,328.53,164.50,98.32,0.37409633970017502473
"JP2-B-US-3","JP2 Black Vest Jackets - Brown / Universal Size *KAMPANJ*",1.000,262.82,65.71,328.53,164.50,98.32,0.37409633970017502473
"KG100-Black-L","KG100-Black-L",1.000,399.20,99.80,499.00,0.00,399.20,1.00000000000000000000
"KG103-Beige-M","KG103-Beige-M",1.000,399.20,99.80,499.00,0.00,399.20,1.00000000000000000000
"KG103-Black-XL","KG103-Black-XL",1.000,399.20,99.80,499.00,0.00,399.20,1.00000000000000000000
"KG103-Grey-M","KG103-Grey-M",1.000,559.20,139.80,699.00,0.00,559.20,1.00000000000000000000
"KG104-Black-M","G2 KG104 Summer Men’s Sporty Tracksuit for Active Lifestyle",1.000,0.00,0.00,0.00,0.00,0.00,
"KG104-Grey-M","KG104-Grey-M",3.000,1197.60,299.40,1497.00,0.00,1197.60,1.00000000000000000000
"KG106-Black-L","KG106-Black-L",2.000,798.40,199.60,998.00,0.00,798.40,1.00000000000000000000
"KG106-Grey-M","KG106-Grey-M",1.000,399.20,99.80,499.00,0.00,399.20,1.00000000000000000000
"LC014-Brown-L","LC014-Brown-L",1.000,479.20,119.80,599.00,0.00,479.20,1.00000000000000000000
"LC014-Brown-M","LC014-Brown-M",0.000,0.00,0.00,0.00,0.00,0.00,
"LH204-Beige-L","LH204-Beige-L",2.000,239.20,59.80,299.00,0.00,239.20,1.00000000000000000000
"LH204-Beige-XL","LH204-Beige-XL",2.000,478.40,119.60,598.00,0.00,478.40,1.00000000000000000000
"LH204-Black-3XL","LH204-Black-3XL",1.000,0.00,0.00,0.00,0.00,0.00,
"LH204-Black-L","LH204-Black-L",1.000,239.20,59.80,299.00,0.00,239.20,1.00000000000000000000
"LH204-Black-XL","LH204-Black-XL",2.000,0.00,0.00,0.00,0.00,0.00,
"LH204-Brown-L","LH204-Brown-L",2.000,239.20,59.80,299.00,0.00,239.20,1.00000000000000000000
"LH204-Grey-3XL","LH204-Grey-3XL",1.000,239.20,59.80,299.00,0.00,239.20,1.00000000000000000000
"LL-D-US","LL Women’s Knit Sweater for Winter in Cozy Styles - Default / Universal Size *KAMPANJ*",27.000,2843.84,710.96,3554.80,2686.50,157.34,0.05532660065263868572
"M02-BLACK-39","HZ 808 Men’s Sneakers - BLACK / 39 *KAMPANJ*",1.000,0.00,0.00,0.00,84.50,-84.50,
"M02-BLACK-41","HZ 808 Men’s Sneakers - BLACK / 41 *KAMPANJ*",1.000,134.02,33.50,167.52,84.50,49.52,0.36949708998656916878
"M0D6-BLACKWHITE-36","HZ 817 Women’s Sneakers - BLACK RED / 36 *KAMPANJ*",1.000,78.18,19.54,97.72,49.50,28.68,0.36684574059861857252
"M0D6-PURPLE-38","HZ 817 Women’s Sneakers - RED BLACK / 38 *KAMPANJ*",4.000,312.71,78.17,390.88,198.00,114.71,0.36682549326852355217
"M6-GREY-39","HZ M006 Men’s Sneakers for Comfort and Style",1.000,0.00,0.00,0.00,0.00,0.00,
"MA01-BLACK RED-39","MA01-BLACK RED-39",1.000,119.20,29.80,149.00,0.00,119.20,1.00000000000000000000
"MA66-BLACK-36","HZ MA66 Women’s Sneakers - BLACK / 36 *KAMPANJ*",2.000,78.18,19.54,97.72,99.00,-20.82,-0.26630851880276285495
"MA66-BLACK-41","HZ MA66 Women’s Sneakers - BLACK / 41 *KAMPANJ*",2.000,156.36,39.08,195.44,99.00,57.36,0.36684574059861857252
"Model_3-Black-2XL","YR5 Men’s Sweaters - Black / CN 2XL = EU M *KAMPANJ*",2.000,287.04,71.76,358.80,179.00,108.04,0.37639353400222965440
"Model_3-Black-L","YR5 Men’s Sweaters - Black / CN L = EU XS *KAMPANJ*",1.000,143.52,35.88,179.40,89.50,54.02,0.37639353400222965440
"Model_5-Camel-L","YR1 Men’s Sweaters - Blue / CN L = EU XS *KAMPANJ*",1.000,143.52,35.88,179.40,89.50,54.02,0.37639353400222965440
"Model_5-Coffee-2XL","YR1 Men’s Sweaters - Grey / CN 2XL = EU M *KAMPANJ*",1.000,143.52,35.88,179.40,89.50,54.02,0.37639353400222965440
"Model_5-Red-L","YR1 Men’s Sweaters - Red / CN L = EU XS *KAMPANJ*",1.000,143.52,35.88,179.40,89.50,54.02,0.37639353400222965440
"Model_5-Yellow-2XL","YR1 Men’s Sweaters - Beige / CN 2XL = EU M *KAMPANJ*",1.000,143.52,35.88,179.40,89.50,54.02,0.37639353400222965440
"Model_5-Yellow-XL","YR1 Men’s Sweaters - Beige / CN XL = EU S *KAMPANJ*",1.000,143.52,35.88,179.40,89.50,54.02,0.37639353400222965440
"P30-BLACK-40","HZ XM12 Men’s Sneakers - BLACK / 40 *KAMPANJ*",1.000,78.18,19.54,97.72,49.50,28.68,0.36684574059861857252
"P30-BLACK-41","HZ XM12 Men’s Sneakers - BLACK / 41 *KAMPANJ*",1.000,78.18,19.54,97.72,49.50,28.68,0.36684574059861857252
"P30-GREY-39","HZ XM12 Men’s Sneakers for Stylish Comfort and Support",16.000,992.80,248.20,1241.00,0.00,992.80,1.00000000000000000000
"SA-01-BLACK-40","SA-01-BLACK-40",1.000,279.20,69.80,349.00,0.00,279.20,1.00000000000000000000
"SA-01-BLACK-41","SA-01-BLACK-41",2.000,0.00,0.00,0.00,0.00,0.00,
"SA-01-BLACK-42","SA-01-BLACK-42",2.000,279.20,69.80,349.00,0.00,279.20,1.00000000000000000000
"SA-01-BLACK-43","SA-01-BLACK-43",2.000,0.00,0.00,0.00,0.00,0.00,
"SA-01-BLACK-44","SA-01-BLACK-44",4.000,558.40,139.60,698.00,0.00,558.40,1.00000000000000000000
"SA-01-WHITE_GREEN-39","SA-01-WHITE_GREEN-39",1.000,280.00,70.00,350.00,0.00,280.00,1.00000000000000000000
"SA-01-WHITE_GREEN-42","SA-01-WHITE_GREEN-42",1.000,0.00,0.00,0.00,0.00,0.00,
"SA-01-WHITE_GREEN-44","SA-01-WHITE_GREEN-44",1.000,279.20,69.80,349.00,0.00,279.20,1.00000000000000000000
"SA-01-WHITE_ORANGE-40","SA-01-WHITE_ORANGE-40",1.000,0.00,0.00,0.00,0.00,0.00,
"SA-01-WHITE_ORANGE-44","SA-01-WHITE_ORANGE-44",1.000,0.00,0.00,0.00,0.00,0.00,
"SA-02-BEIGE-40","SA-02-BEIGE-40",1.000,0.00,0.00,0.00,0.00,0.00,
"SA-02-BEIGE-42","SA-02-BEIGE-42",1.000,279.20,69.80,349.00,0.00,279.20,1.00000000000000000000
"SA-02-BEIGE-44","SA-02-BEIGE-44",1.000,0.00,0.00,0.00,0.00,0.00,
"SA-04-BEIGE-43","SA-04-BEIGE-43",1.000,0.00,0.00,0.00,0.00,0.00,
"SA-05-BLACK-44","SA-05-BLACK-44",1.000,0.00,0.00,0.00,0.00,0.00,
"SA-06-BLACK-41","SA-06-BLACK-41",1.000,0.00,0.00,0.00,0.00,0.00,
"SA-07-BEIGE-41","SA-07-BEIGE-41",1.000,0.00,0.00,0.00,0.00,0.00,
"SA-07-BEIGE-42","SA-07-BEIGE-42",1.000,0.00,0.00,0.00,0.00,0.00,
"SA-07-BLACK-43","SA-07-BLACK-43",1.000,0.00,0.00,0.00,0.00,0.00,
"SA-08-BEIGE-40","SA-08-BEIGE-40",1.000,280.00,70.00,350.00,0.00,280.00,1.00000000000000000000
"SA-08-BEIGE-43","SA-08-BEIGE-43",1.000,239.20,59.80,299.00,0.00,239.20,1.00000000000000000000
"SA-08-BEIGE-44","SA-08-BEIGE-44",2.000,279.20,69.80,349.00,0.00,279.20,1.00000000000000000000
"SA-08-BLACK-44","SA-08-BLACK-44",1.000,0.00,0.00,0.00,0.00,0.00,
"SA-08-GREY-42","SA-08-GREY-42",1.000,0.00,0.00,0.00,0.00,0.00,
"SA-09-BLACK-40","CH SA-09 Men’s Sneakers - BLACK / 40 *KAMPANJ*",2.000,0.00,0.00,0.00,299.00,-299.00,
"SA-09-BLACK-41","CH SA-09 Men’s Sneakers - BLACK / 41 *KAMPANJ*",2.000,0.00,0.00,0.00,299.00,-299.00,
"SA-09-BLACK-42","CH SA-09 Men’s Sneakers - BLACK / 42 *KAMPANJ*",2.000,0.00,0.00,0.00,299.00,-299.00,
"SA-09-GREY-41","CH SA-09 Men’s Sneakers - GREY / 41 *KAMPANJ*",2.000,0.00,0.00,0.00,299.00,-299.00,
"SA-09-GREY-43","CH SA-09 Men’s Sneakers - GREY / 43 *KAMPANJ*",1.000,0.00,0.00,0.00,149.50,-149.50,
"SA-09-GREY-44","CH SA-09 Men’s Sneakers - GREY / 44 *KAMPANJ*",2.000,0.00,0.00,0.00,299.00,-299.00,
"SA-09-WHITE-40","CH SA-09 Men’s Sneakers - WHITE / 40 *KAMPANJ*",1.000,236.50,59.13,295.63,149.50,87.00,0.36786469344608879493
"SY01","SY01 Handbag - Standard *KAMPANJ*",23.000,2253.10,563.26,2816.36,3125.50,-872.40,-0.38719985797345879011
"SY02","Sy02 Handbag Needs - Standard *KAMPANJ*",15.000,2081.60,520.40,2602.00,493.50,1588.10,0.76292275172943889316
"SY03","SY03 Handbag - Standard *KAMPANJ*",3.000,788.10,197.02,985.12,329.00,459.10,0.58254028676563887831
"SY04","SY04 Handbag - Standard *KAMPANJ*",4.000,532.85,133.21,666.06,329.00,203.85,0.38256544993900722530
"SY05","Stylish and Elegant SY05 Handbag for Everyday Use",11.000,676.00,169.00,845.00,0.00,676.00,1.00000000000000000000
"SY06","Stylish and Versatile SY06 Handbag for Everyday Use",5.000,804.80,201.20,1006.00,0.00,804.80,1.00000000000000000000
"SY07","Sy07 Handbag - Standard *KAMPANJ*",2.000,262.45,65.61,328.06,329.00,-66.55,-0.25357210897313774052
"T8666-15-Louis-Brown","MS T8666-15 Women's Handbag Stylish and Durable Design",2.000,159.20,39.80,199.00,0.00,159.20,1.00000000000000000000
"TK800-Beige-M","TK800-Beige-M",1.000,479.20,119.80,599.00,0.00,479.20,1.00000000000000000000
"TK800-Grey-M","TK800-Grey-M",2.000,958.40,239.60,1198.00,0.00,958.40,1.00000000000000000000
"TM005-Black-120","INCI TM005 Children’s Puffer Jackets - WHITE-PINK / 120 *KAMPANJ*",1.000,399.20,99.80,499.00,224.50,174.70,0.43762525050100200401
"TM005-Black-140","INCI TM005 Children’s Puffer Jackets - WHITE-PINK / 100 *KAMPANJ*",1.000,399.20,99.80,499.00,224.50,174.70,0.43762525050100200401
"TM141-Black-120","INCI TM141 Children’s Puffer Jackets - GREEN / 120 *KAMPANJ*",1.000,0.00,0.00,0.00,224.50,-224.50,
"TM155-Black-120","INCI TM155 Children’s Puffer Jackets - Black / 120 *KAMPANJ*",1.000,399.20,99.80,499.00,224.50,174.70,0.43762525050100200401
"TM157-Black-120","Inci Tm157 Children’s Puffer Jackets - Black / 120 *KAMPANJ*",1.000,399.20,99.80,499.00,224.50,174.70,0.43762525050100200401
"TM157-Black-140","Inci Tm157 Children’s Puffer Jackets - Black / 140 *KAMPANJ*",1.000,399.20,99.80,499.00,224.50,174.70,0.43762525050100200401
"TM190-Black-110","INCI TM190 Children’s Puffer Jackets - Black / 110 *KAMPANJ*",1.000,399.20,99.80,499.00,224.50,174.70,0.43762525050100200401
"TM190-Black-120","INCI TM190 Children’s Puffer Jackets - Black / 120 *KAMPANJ*",1.000,399.20,99.80,499.00,224.50,174.70,0.43762525050100200401
"TM192-Black-130","INCI TM192 Children’s Puffer Jackets - Black / 130 *KAMPANJ*",0.000,0.00,0.00,0.00,0.00,0.00,
"TM192-Black-140","INCI TM192 Children’s Puffer Jackets - Black / 140 *KAMPANJ*",1.000,399.20,99.80,499.00,224.50,174.70,0.43762525050100200401
"TM2-BEIGE-L","TM2 Women’S Coat - Beige / L *KAMPANJ*",0.000,0.00,0.00,0.00,0.00,0.00,
"TM2-BEIGE-XXL","TM2 Women’S Coat - Beige / 2XL *KAMPANJ*",1.000,0.00,0.00,0.00,749.50,-749.50,
"TM3-BROWN-L","TM3 Women’S Coat - Brown / L *KAMPANJ*",1.000,1199.40,299.85,1499.25,749.50,449.90,0.37510421877605469401
"TM3-GREY-XL","TM3 Women’S Coat - Grey / XL *KAMPANJ*",1.000,1199.40,299.85,1499.25,749.50,449.90,0.37510421877605469401
"TZ302-Beige-2XL","G2 TZ302 Men’s Sporty Winter Tracksuit - Dark Blue / 2XL *KAMPANJ*",4.000,1438.56,359.64,1798.20,1198.00,240.56,0.16722277833388944500
"TZ302-Black-2XL","G2 TZ302 Men’s Sporty Winter Tracksuit - Black / 2XL *KAMPANJ*",1.000,479.52,119.88,599.40,299.50,180.02,0.37541708375041708375
"TZ302-Grey-2XL","G2 TZ302 Men’s Sporty Winter Tracksuit - Grey / 2XL *KAMPANJ*",1.000,479.52,119.88,599.40,299.50,180.02,0.37541708375041708375
"TZ302-Grey-M","G2 TZ302 Men’s Sporty Winter Tracksuit - Grey / M *KAMPANJ*",2.000,799.52,199.88,999.40,299.50,500.02,0.62540024014408645187
"TZ303-Black-L","G2 TZ303 Men’s Sporty Winter Tracksuit - Black / L *KAMPANJ*",2.000,959.04,239.76,1198.80,599.00,360.04,0.37541708375041708375
"TZ303-Black-M","G2 TZ303 Men’s Sporty Winter Tracksuit - Black / M *KAMPANJ*",1.000,479.52,119.88,599.40,299.50,180.02,0.37541708375041708375
"TZ303-Grey-2XL","G2 TZ303 Men’s Sporty Winter Tracksuit - Grey / 2XL *KAMPANJ*",1.000,80.00,20.00,100.00,299.50,-219.50,-2.7437500000000000
"TZ303-Grey-L","G2 TZ303 Men’s Sporty Winter Tracksuit - Grey / L *KAMPANJ*",1.000,479.52,119.88,599.40,299.50,180.02,0.37541708375041708375
"TZ303-Grey-M","G2 TZ303 Men’s Sporty Winter Tracksuit - Grey / M *KAMPANJ*",2.000,959.04,239.76,1198.80,599.00,360.04,0.37541708375041708375
"TZ304-Black-2XL","G2 TZ304 Men’s Sporty Winter Tracksuit - Black / 2XL *KAMPANJ*",3.000,1438.56,359.64,1798.20,898.50,540.06,0.37541708375041708375
"TZ304-Black-M","G2 TZ304 Men’s Sporty Winter Tracksuit - Black / M *KAMPANJ*",2.000,959.04,239.76,1198.80,599.00,360.04,0.37541708375041708375
"TZ304-Grey-M","G2 TZ304 Men’s Sporty Winter Tracksuit - Grey / M *KAMPANJ*",1.000,479.52,119.88,599.40,299.50,180.02,0.37541708375041708375
"WR13-Black-2XL","WR13-Black-2XL",1.000,399.20,99.80,499.00,0.00,399.20,1.00000000000000000000
"XG009-WHITE_PINK-37","CHW XG009 Women’s Sneakers - WHITE/PINK / 37 *KAMPANJ*",1.000,0.00,0.00,0.00,149.50,-149.50,
"XG009-WHITE_PINK-38","XG009-WHITE_PINK-38",0.000,0.00,0.00,0.00,0.00,0.00,
"XG009-WHITE_PINK-40","XG009-WHITE_PINK-40",0.000,0.00,0.00,0.00,0.00,0.00,
"XG009-WHITE_RED-36","CHW XG009 Women’s Sneakers - WHITE/RED / 36 *KAMPANJ*",1.000,0.00,0.00,0.00,149.50,-149.50,
"Z592-BLACK-42","Z592-BLACK-42",1.000,0.00,0.00,0.00,0.00,0.00,
"Z592-BLACK-43","Z592-BLACK-43",1.000,279.20,69.80,349.00,0.00,279.20,1.00000000000000000000
"ZQ77-BLACK-44","CH ZQ77 Men’s Sneakers - BLACK / 44 *KAMPANJ*",2.000,473.00,118.26,591.26,299.00,174.00,0.36786469344608879493
"ZQ77-WHITE-42","ZQ77-WHITE-42",1.000,279.20,69.80,349.00,0.00,279.20,1.00000000000000000000
"ZQ77-WHITE-44","CH ZQ77 Men’s Sneakers - WHITE / 44 *KAMPANJ*",4.000,279.20,69.80,349.00,149.50,129.70,0.46454154727793696275
"ZQ99-BLACK-42","ZQ99-BLACK-42",1.000,0.00,0.00,0.00,0.00,0.00,
"ZQ99-WHITE-39","CH ZQ99 Men’s Sneakers - WHITE / 39 *KAMPANJ*",1.000,0.00,0.00,0.00,149.50,-149.50,
"ZQ99-WHITE-43","ZQ99-WHITE-43",1.000,0.00,0.00,0.00,0.00,0.00,
